,id,Tweet,Sentiment,Textblob,Real
0,03bed82df09e8cdf787938a4d9000a5e,Drinking  The Promiscuous Ale by Sow &amp; Piglets Brewery @ Port Campbell Hostel ‚Äî https://t.co/nhePkCkyed,Neutral,Neutral,Neutral
1,03bed82df09e8cdf787938a4d9002eba,"Cheers Rohan T. - sticky, overripe, juicy peach and nectarine on the nose,... (Veritas 015) https://t.co/lnnrRY1kPY #photo",Positive,Neutral,Positive
2,03bed82df09e8cdf787938a4d90042e1,Drinking a Wayfarer  by @GreenBeaconBrew @ The Union Hotel ‚Äî https://t.co/tAec0pX1CM,Neutral,Neutral,Neutral
3,03bed82df09e8cdf787938a4d900568e,Drinking an Amber by @wildflowerbeer at @bitterphew ‚Äî https://t.co/qpiiBitSdm #photo,Neutral,Neutral,Neutral
4,03bed82df09e8cdf787938a4d90058d8,$22 bottle of beer from wildflower @ Australian Capital Territory https://t.co/SEhxtTPj32,Neutral,Neutral,Neutral
5,03bed82df09e8cdf787938a4d90077d9,Too sweet for me. - Drinking an All Day Nelson by @WaywardBeer at @bitterphew  ‚Äî https://t.co/EkjvlX1Lfm #photo,Positive,Positive,Negative
6,03bed82df09e8cdf787938a4d9008370,Slightly too malty. - Drinking a Tropidelic by @8wiredbrewing at @bitterphew  ‚Äî https://t.co/1IaQLfYM80 #photo,Neutral,Negative,Negative
7,03bed82df09e8cdf787938a4d900988c,The refreshment I was looking for - Drinking a Rosie's Summer Punch at @biggiesmalls - https://t.co/hGurC4Bn7H #photo,Neutral,Neutral,Positive
8,03bed82df09e8cdf787938a4d900a78f,Yep - Drinking a Fixation IPA by @FixationBrewing @ Lair Of The Jandy  ‚Äî https://t.co/IOyGQJ2hDd,Neutral,Neutral,Positive
9,03bed82df09e8cdf787938a4d900bb28,&amp;c A few pre-ANZAC Day sharpeners. - Drinking a Pale Ale by @4PinesBeer at @buenavistahotel  ‚Äî https://t.co/sYMC7xYh0i #photo,Neutral,Negative,Neutral
10,03bed82df09e8cdf787938a4d900ca0c,Drinking an Apricot Berliner Weisse by @PirateLifeBeer at @flodgehotel ‚Äî https://t.co/QZ8rEluw2w,Neutral,Neutral,Neutral
11,03bed82df09e8cdf787938a4d90104e7,Pretty tasty! - Drinking a Sonic Prayer by @MOBrewing at @thelionhotelsa  ‚Äî https://t.co/v4rwNmprxK,Positive,Positive,Positive
12,03bed82df09e8cdf787938a4d9011211,Drinking an 55 by @3RAVENS @ Lair Of The Jandy ‚Äî https://t.co/7HYp2j5FI3,Neutral,Neutral,Neutral
13,03bed82df09e8cdf787938a4d9011d5d,"Very nice. Grapey kiwi hops, delectable, just slightly low on carb - Drinking a Green Limousine at @flodgehotel - https://t.co/eVbxdMocfc",Positive,Positive,Positive
14,03bed82df09e8cdf787938a4d90142b5,Thick &amp; juicy - Drinking a Trip Trap Triple IPA by @goatbeer at @flodgehotel  ‚Äî https://t.co/jzUjANJaRq,Negative,Negative,Neutral
15,03bed82df09e8cdf787938a4d901c980,Drinking a Leader of The Pack IPA by @thehowlinghound @ Keg and Brew ‚Äî https://t.co/TfpORbOqKN #photo,Neutral,Neutral,Positive
16,03bed82df09e8cdf787938a4d9022122,Fresh - Drinking a Hop Hog by @FeralBrewing at @flodgehotel  ‚Äî https://t.co/VTTV8fLT2k,Positive,Positive,Positive
17,03bed82df09e8cdf787938a4d9024255,üá®üá¥üáßüá∑üá¶üá∫ #housemates #aussielife #moments #beer @ Arncliffe https://t.co/QEctWPTZOE,Neutral,Neutral,Neutral
18,03bed82df09e8cdf787938a4d90248d3,Last night #housemates #aussielife #moments #beer @ Arncliffe https://t.co/0ipncKfuvv,Neutral,Neutral,Neutral
19,03bed82df09e8cdf787938a4d9024afc,Cheers james b. - Drinking a Here Comes Mango! by @belchingbeaver @ The Great Aussie Verandah  ‚Äî https://t.co/cyk0DK9AL7 #photo,Positive,Positive,Positive
20,03bed82df09e8cdf787938a4d9026a22,Drinking a Midway IPA by @GooseIsland @ Keg and Brew ‚Äî https://t.co/dW5Pe9MKLS #photo,Neutral,Neutral,Neutral
21,03bed82df09e8cdf787938a4d9028120,"Great new bar in Sydney, drinking beer from horns and ripping meat from the bone, and they have‚Ä¶ https://t.co/RmuByamMqY",Positive,Positive,Positive
22,03bed82df09e8cdf787938a4d9028229,Grabbing some schnitzel in preparation for Germany! #datenight #luckygirl #beer #happyhour‚Ä¶ https://t.co/wFdYvWfFoi,Neutral,Neutral,Positive
23,03bed82df09e8cdf787938a4d902c58a,Drinking an 3/4 IPA by @SampleBrew @ Tempe ‚Äî https://t.co/034VnchRlE,Neutral,Neutral,Neutral
24,03bed82df09e8cdf787938a4d902ea48,Just rocking that #Belgian #bier drinking. Never had a Kwak. @ Belgium Beer Cafe https://t.co/YdDclPshdi,Neutral,Neutral,Positive
25,03bed82df09e8cdf787938a4d90308dd,Fascinating hoppy/not hoppy. Orange peel b... (And the Hops Were Not Boiled In Their Tanks) https://t.co/Bwh3NGxYrg #photo,Positive,Positive,Positive
26,03bed82df09e8cdf787938a4d9032886,Why did I only get on can of this? Fuck me it is great... (Hippy Berliner Cucumber Edition) https://t.co/ts8FXltNfD,Negative,Positive,Positive
27,03bed82df09e8cdf787938a4d903778e,Drinking a James Squire Stow Away IPA by Malt Shovel Brewery @ Narraweena ‚Äî https://t.co/xcjaHjlVLb #photo,Neutral,Neutral,Positive
28,03bed82df09e8cdf787938a4d904a539,Just hanging out in #maggiebeer 's kitchen cooking with #verjuice @ Maggie Beer's Farm Shop https://t.co/hk49AS0eAu,Neutral,Neutral,Positive
29,03bed82df09e8cdf787938a4d905058d,Monday beers! - Drinking a Legends Summer Lager by @coopersbrewery @ Brinky &amp; Nick's House  ‚Äî https://t.co/1pqt3q7v2f #photo,Neutral,Neutral,Positive
30,03bed82df09e8cdf787938a4d9054b5d,Drinking an Otway Light by @PricklyMoses @ Flying Brick Cider Company ‚Äî https://t.co/Ar69fjCHb4,Neutral,Positive,Neutral
31,03bed82df09e8cdf787938a4d9055a04,"Ahh, the Birmy. Long time... - Drinking an One-Eyed by @SGBrewCo at @the_birmy  ‚Äî https://t.co/d3knB4S5wi #photo",Neutral,Negative,Positive
32,03bed82df09e8cdf787938a4d9057c67,"&amp;b Clean, crisp and to scull, just like Hawkie. - Drinking a Hawke's Lager @ 33 Degrees - https://t.co/W46594c74q #photo",Positive,Positive,Positive
33,03bed82df09e8cdf787938a4d906cc27,üó£ URGENT call to ALL MEN! Must be single and craft beer open...We have a whole host of women‚Ä¶ https://t.co/mGo4rZ5eQQ,Negative,Positive,Positive
34,03bed82df09e8cdf787938a4d90702e0,Glass fail üò∞ Upping the rating .25 for being the best beer in the joint.... (8 Bit IPA) https://t.co/E1B7j8jQsC #photo,Positive,Positive,Positive
35,03bed82df09e8cdf787938a4d90a49dc,Hottest 100 royalty Amy Shark... @ Emmore Theater https://t.co/uNxN4F8xFg,Neutral,Neutral,Positive
36,03bed82df09e8cdf787938a4d90b0358,"Exciting times, bottles ahoy #fresh #beer getting ready to travel #craftbeer @ King River Brewing https://t.co/LuOz6USXIB",Positive,Positive,Positive
37,03bed82df09e8cdf787938a4d90c02ea,"This Sunday we will be at #pawsinthepark! Come and say hi! ü§ó
.
.
.
#pawsinthepark2017 #camden‚Ä¶ https://t.co/bK5bOPvb0q",Neutral,Neutral,Neutral
38,03bed82df09e8cdf787938a4d90cfded,An incredible day today at the Australian War Memorial. Spent hours in the museum and finished‚Ä¶ https://t.co/F1OXb7FdKH,Negative,Positive,Positive
39,03bed82df09e8cdf787938a4d90d18c0,"DSS 43 receiving data from Voyager 2 at 160b/s.
IN LOCK OFF 1 MCD2",Neutral,Neutral,Positive
40,03bed82df09e8cdf787938a4d90d7ce4,#Lost Crimson Belly Conure #Parrot https://t.co/FID5kdZfaH Merrylands #Parramatta #NSW 2160‚Ä¶ https://t.co/yNSSBjXgRB,Negative,Neutral,Neutral
41,03bed82df09e8cdf787938a4d90d8468,"Purpose- U N K N O W N @ Melbourne, Victoria, Australia https://t.co/ckMkdMkcqS",Neutral,Neutral,Neutral
42,03bed82df09e8cdf787938a4d90da633,"Signature Dessert; a choice of 3 flavours ice cream and 3 choices of toppings. I picked coconut,‚Ä¶ https://t.co/Ko1MXEV5cE",Neutral,Neutral,Positive
43,03bed82df09e8cdf787938a4d90dd3a1,"#FireAlarm: Dandenong Rd, Malvern East. Responding. 2 Appliances. Timeline: https://t.co/6nmV7FPcQ5 https://t.co/EEU5W8YUlx",Neutral,Neutral,Neutral
44,03bed82df09e8cdf787938a4d90e4e18,"I'm at Woolworths in Marsfield, New South Wales w/ @primadonna_ying https://t.co/AdTxDROHDm",Neutral,Positive,Neutral
45,03bed82df09e8cdf787938a4d90e73ca,kiama blowhole @ Kiama Blowhole https://t.co/3wxfp9S1w4,Neutral,Neutral,Neutral
46,03bed82df09e8cdf787938a4d90ecc6f,üòäüòäüòåüòå @ Melbourne International Airport (MEL) https://t.co/bpjlO7huFk,Neutral,Neutral,Neutral
47,03bed82df09e8cdf787938a4d90f0e80,#AnytimeFitnessAus Glendenning is #nowplaying Chained To The Rhythm (Hot Chip Remix) by #KatyPerry #cubevenue,Neutral,Positive,Positive
48,03bed82df09e8cdf787938a4d90fd43c,Ripple base + bow tie 5oz @oneorigincoffee #oneorigin_specialtycoffee #oneoriginspecialtycoffee‚Ä¶ https://t.co/SizxvqdE7T,Neutral,Negative,Neutral
49,03bed82df09e8cdf787938a4d910571a,"Clean, crisp yet fruity. - Drinking a Lager by @mpbrew at @royalalbertpub  ‚Äî https://t.co/hYhMZ6j51f",Positive,Positive,Positive
50,03bed82df09e8cdf787938a4d91058bf,Fine Japanese. @ Nobu https://t.co/f60ZwlL908,Positive,Positive,Positive
51,03bed82df09e8cdf787938a4d910c98d,#Gelatissimo #TheRocks is #nowplaying Bang My Head feat. Sia by #DavidGuetta #cubevenue,Neutral,Neutral,Neutral
52,03bed82df09e8cdf787938a4d9110bf1,"Our 2017 fundraising campaign finishes at the end of May.

We want to once again thank our‚Ä¶ https://t.co/JRd2tUMhnx",Positive,Neutral,Positive
53,03bed82df09e8cdf787938a4d91135f1,Distorted perception by @wqphotography1 #australianartist #artoftheweek #artist #melbourne‚Ä¶ https://t.co/CeSMMg3948,Negative,Neutral,Neutral
54,03bed82df09e8cdf787938a4d911442c,Bendigo Marketplace #BgoMarketplace is #nowplaying Bright by #Echosmith #cubevenue,Positive,Positive,Neutral
55,03bed82df09e8cdf787938a4d9114f6d,#food #pottspoint #msgs #asian #burrata @ Ms.G's https://t.co/ClXfOO6cW6,Neutral,Neutral,Neutral
56,03bed82df09e8cdf787938a4d91150a2,#datenight #meatballs #duckconfit #gnocchi #goodthingimtaken #foodporn @ Shanikas https://t.co/B3s1p6QJ89,Neutral,Neutral,Positive
57,03bed82df09e8cdf787938a4d911b25a,When Mr.GoodLooks calls you downtown to show you such a cute place and have Sydney's best‚Ä¶ https://t.co/zLJVmhnM6l,Positive,Positive,Positive
58,03bed82df09e8cdf787938a4d91208f1,Walking upstairs only to be greeted by mini Michael Jackson - I ended up playing drums on Billie‚Ä¶ https://t.co/7ErytLPV31,Positive,Neutral,Positive
59,03bed82df09e8cdf787938a4d912ae65,Jack's #bourkestreet #melbourne #fortheloveofsignage #hungryjacks #melbmoment #jacks @ Hungry‚Ä¶ https://t.co/K3cDuHmxMJ,Neutral,Neutral,Neutral
60,03bed82df09e8cdf787938a4d9131f4c,"Rich gold on crisp white, always a favourite! @ Rawlight Candle Factory https://t.co/WeR85OryzN",Positive,Positive,Positive
61,03bed82df09e8cdf787938a4d9139844,"The ECsportz Swim School is so much more than just learn to swim.
We work with all ages to‚Ä¶ https://t.co/S1H40J1GQr",Neutral,Positive,Positive
62,03bed82df09e8cdf787938a4d913a10b,"#FireAlarm: Waterdale Rd, Heidelberg West. Responding. 2 Appliances. Timeline: https://t.co/TvhEXFcj6l https://t.co/RK131PUVcV",Neutral,Neutral,Neutral
63,03bed82df09e8cdf787938a4d913c393,Fun day on the road with @bee4belle even found Nathan's hotdogs at Macarthur Square - you can‚Ä¶ https://t.co/U7GFCRBMa1,Positive,Positive,Positive
64,03bed82df09e8cdf787938a4d9147389,"Wind 0.0 km/h ---. Barometer 1023.6 hPa, Rising slowly. Temperature 13.8 ¬∞C. Rain today 0.0 mm. Humidity 81%",Neutral,Negative,Neutral
65,03bed82df09e8cdf787938a4d9147573,"I'm at Robtown in Richmond, VIC https://t.co/Lv9wnrCrEv",Neutral,Neutral,Neutral
66,03bed82df09e8cdf787938a4d91476e2,"#Life #thrives everywhere. On the ground #underground, in the #weirdest places of earth. I've‚Ä¶ https://t.co/jiDFZ9ZR2F",Neutral,Neutral,Neutral
67,03bed82df09e8cdf787938a4d9147fc2,"Busy Swanston Street at night. 
#McCafe #Australia #Melbourne @ Swanston Street, Melbourne https://t.co/nn9CTz6580",Neutral,Positive,Neutral
68,03bed82df09e8cdf787938a4d914bb47,Malabar mornings. @ Malabar Beach https://t.co/b2sdNsVu5t,Neutral,Neutral,Neutral
69,03bed82df09e8cdf787938a4d9151a8e,Nothing like an Italian pizza before heading to Italy :) @ladrorestaurant,Positive,Positive,Positive
70,03bed82df09e8cdf787938a4d9159d94,"The Wombats (@ Festival Hall in West Melbourne, VIC w/ @xelvinn) https://t.co/6NqwEFcTHK",Neutral,Neutral,Neutral
71,03bed82df09e8cdf787938a4d915af1d,"My strong #soylatte was close to perfect today üëå thank you #Sydney and #reubenhills ‚òïÔ∏è
It's not‚Ä¶ https://t.co/X07RO0299i",Positive,Positive,Positive
72,03bed82df09e8cdf787938a4d915bde9,"03.05.2017 | thank you sissy to be my consultant and welcome dinner üëßüèª 
#phatragirls‚Ä¶ https://t.co/UCm9QLrBDh",Positive,Positive,Positive
73,03bed82df09e8cdf787938a4d915f569,The Bootyful Melbourne  babes learning how to pop &amp; drop tonight at @LA_DanceStudio You all did‚Ä¶ https://t.co/1B45GZa4EW,Negative,Neutral,Positive
74,03bed82df09e8cdf787938a4d91628a9,"Meet Rowan: Far from being just a mere saxophonist, Rowan is truly a musical multi-talent. In‚Ä¶ https://t.co/tp6KoUGTv9",Neutral,Negative,Positive
75,03bed82df09e8cdf787938a4d916aac5,"Step aside acai berry, there's a new sheriff in town!
.
.
#maqui #maquiberry #superfood #foodie‚Ä¶ https://t.co/C3IpX29RuQ",Neutral,Positive,Positive
76,03bed82df09e8cdf787938a4d916c267,Who could resist a Weineroni Casserole? #RetroRecipe #retrofood #oldfashionedrecipes #food #foodie https://t.co/hcO8PxsHSE,Neutral,Neutral,Positive
77,03bed82df09e8cdf787938a4d916f416,"""I'm a pescetarian and I've been placed this ""
#food #foods #foodie #foodpic #foodism‚Ä¶ https://t.co/XJw0Wfs85j",Neutral,Neutral,Positive
78,03bed82df09e8cdf787938a4d91742e2,Freddie knows what good food looks like! #freddie #foodie‚Ä¶ https://t.co/AI0jsmy5oW,Positive,Positive,Positive
79,03bed82df09e8cdf787938a4d9174dee,"Definitely one of my favorite smells!  
.
.
.
#confit #garlic #olive #oil #food #foodie #eat‚Ä¶ https://t.co/vvh60wNCPa",Positive,Positive,Positive
80,03bed82df09e8cdf787938a4d917bd8f,Breaded fried pork chop... #breadedporkchops #porkchops #friedporkchops #foodie #yummy #yumyum‚Ä¶ https://t.co/Z7QCPRY5c1,Positive,Neutral,Positive
81,03bed82df09e8cdf787938a4d917c52f,"reallyyy good chirashi and the best tempura in sydney!! üòçüç§
{#lunch #tb #throwback #food #foodie‚Ä¶ https://t.co/kJsEMTYdT7",Positive,Positive,Positive
82,03bed82df09e8cdf787938a4d917d321,"Brunch 

#travelwithnezz #asiangirl #travel #foodie #bapwithnezz #aussiesnaps #explore #sydney‚Ä¶ https://t.co/B3PEHCsmoF",Neutral,Neutral,Positive
83,03bed82df09e8cdf787938a4d9183ae9,Ricotta &amp; Warrigal Greens Tartlets #ricotta #foodie #bushtucker #tartlet #catering #grumbletumms‚Ä¶ https://t.co/1hy4Eyqvfh,Neutral,Neutral,Neutral
84,03bed82df09e8cdf787938a4d9186c09,"Doughnut-sta-gram. 
#food #foodie #doughnuts #tasty #sydneysider #sydneylocal #sydney #city‚Ä¶ https://t.co/UnR2djPryI",Neutral,Neutral,Positive
85,03bed82df09e8cdf787938a4d918914c,#Recipe clipping c. 1960s for Oven  #Barbecue Spareribs + Coleslaw #food #foodie #retrofood #RetroRecipe https://t.co/4eyxBwByAJ,Neutral,Neutral,Neutral
86,03bed82df09e8cdf787938a4d918f094,"3 cup chickenüòÆ
#chicken #chickenlover #foodie #foodporn #foodstagram‚Ä¶ https://t.co/MzLZItRPbC",Neutral,Negative,Neutral
87,03bed82df09e8cdf787938a4d918fab4,"So crispyüòÆ
#dumplings #dumplinglover #foodie #sydneyfoodie #foodporn‚Ä¶ https://t.co/fgSebQ0lA4",Neutral,Neutral,Positive
88,03bed82df09e8cdf787938a4d9195aa1,1970s Classic. #Fondue Story &amp; recipes here https://t.co/rcq2Y7ofmP #food #foodie #recipes #retrofood #RetroRecipe https://t.co/0P4aLFAusB,Neutral,Positive,Neutral
89,03bed82df09e8cdf787938a4d919744a,Vegetarian buffet before Life #food #foodie #foodporn #yummy #omnommom #yelpsydney @yelpsydney‚Ä¶ https://t.co/dqVfBKOnm0,Positive,Neutral,Positive
90,03bed82df09e8cdf787938a4d9198de3,"Not so dumb dumplings üôÉ
#dumplings #foodie #sydneyfoodie #foodporn‚Ä¶ https://t.co/2dYWhmz3It",Negative,Negative,Positive
91,03bed82df09e8cdf787938a4d9199394,"Like an island üòÆ
#foodie #sydneyfoodie #cafe #cafefood #cafelover #foodporn #foodstagram‚Ä¶ https://t.co/wT1udkvJQE",Positive,Neutral,Positive
92,03bed82df09e8cdf787938a4d9199c26,"Wow eggs üòÆ
#egglover #foodie #sydneyfoodie #cafe #cafelover #cafefood #foodporn #foodofinstagram‚Ä¶ https://t.co/vNt3MhXoSr",Positive,Positive,Positive
93,03bed82df09e8cdf787938a4d919a484,"Parmy-sta-gram. 
#food #foodie #sydney #eat #cafe #foodlove #foodcoma #instafoto #city‚Ä¶ https://t.co/4t2C2K2U0V",Neutral,Neutral,Positive
94,03bed82df09e8cdf787938a4d919b109,Molten chocolate cake dripping with love!! #cake #cakestagram #cupcakes #cakes #foodie‚Ä¶ https://t.co/iAHaSHuasn,Positive,Positive,Positive
95,03bed82df09e8cdf787938a4d919f4d3,"Happy Sunday üòÅ
‚Ä¢
‚Ä¢
‚Ä¢
‚Ä¢
‚Ä¢
#caffeecucina #gnocchi #happy #weekend #sunday #foodie #delish #fun‚Ä¶ https://t.co/PsYp9ISkoJ",Positive,Positive,Positive
96,03bed82df09e8cdf787938a4d919f5b9,ichoosesa has lots of food on the go at #tastingaustralia. #food #foodie @brandsouthaust @‚Ä¶ https://t.co/yU59KEVMh3,Neutral,Neutral,Positive
97,03bed82df09e8cdf787938a4d91a40b9,"Sunday funday brunch day. 
#food #foods #foodie #foodpic #foodism #foodstagram #foodiegram‚Ä¶ https://t.co/HV1expZFJ7",Neutral,Neutral,Positive
98,03bed82df09e8cdf787938a4d91a528f,"Perfect way to start the day @f10werüëåüòä #coffeetime #brunch #flowerchildcafe 
.
.
.
.
#foodie‚Ä¶ https://t.co/hvggf08CDp",Positive,Positive,Positive
99,03bed82df09e8cdf787938a4d91aa06f,"Colorful carrots üòÆ
#veggie #veggielover #foodie #sydneyfoodie‚Ä¶ https://t.co/HsRFHDE2Ks",Neutral,Positive,Positive
100,03bed82df09e8cdf787938a4d91ae385,This #breakfastsalad @the_misterfox was #effingdelish #foodporn #food #foodie #breakfast‚Ä¶ https://t.co/bXxQmYd7Wp,Neutral,Neutral,Neutral
101,03bed82df09e8cdf787938a4d91aee9b,"Give me meat! Love lamb manlypavilion      
‚Ä¢
‚Ä¢
‚Ä¢
‚Ä¢
‚Ä¢
#food #foodie #meat #lamb #dining‚Ä¶ https://t.co/iFdYhYiGx0",Positive,Positive,Positive
102,03bed82df09e8cdf787938a4d91b053e,"Yummy early lunch today with one of my gorgeous best friends dayynnaa01 ‚ù§Ô∏èüç∞ 
‚Ä¢
‚Ä¢
‚Ä¢
#food #foodie‚Ä¶ https://t.co/ZxuE2joxjD",Positive,Positive,Positive
103,03bed82df09e8cdf787938a4d91b2643,"Delicious Salmon manlypavilion              ‚Ä¢
‚Ä¢
‚Ä¢
‚Ä¢
#foodie #food #restaurants #foodblogger‚Ä¶ https://t.co/oTeuP7hCk6",Neutral,Positive,Positive
104,03bed82df09e8cdf787938a4d91b4221,"Lovely evening for Manly Pavilion 
‚Ä¢
‚Ä¢
‚Ä¢
‚Ä¢
#dining #restaurants #instagood #foodie #foodblogger‚Ä¶ https://t.co/YyYeo10OJ4",Positive,Positive,Positive
105,03bed82df09e8cdf787938a4d91b5649,"Pretty as a picture. üòçüòçüòç
.
.
.
#food #foodie #foodporn #breakfast #fuckyeah #yum #newtown‚Ä¶ https://t.co/um34MI8ThO",Positive,Positive,Positive
106,03bed82df09e8cdf787938a4d91b87d8,"Lamb breast, seen here in its natural habit #food #foodie #foodpics #foodlover #instafood‚Ä¶ https://t.co/0FEc0ArVPl",Positive,Positive,Neutral
107,03bed82df09e8cdf787938a4d91bb33c,Running with my #doughnuttime doughnut_time #doughnut #donut #food #foodie #foodporn #yummy‚Ä¶ https://t.co/APwvCjydYn,Positive,Neutral,Positive
108,03bed82df09e8cdf787938a4d91c2a23,"Lunch.

#foodie #Melbourne #cafe #lunch #unique #pretty #cafe #hollafoodanddrink @ Holla Food &amp;‚Ä¶ https://t.co/XLk2royNxM",Positive,Positive,Positive
109,03bed82df09e8cdf787938a4d91c5171,That how we rock @AlburyRiverdeck #foodie #foodstagram #foodphotography #people #love‚Ä¶ https://t.co/DF6TAlM0Wt,Positive,Neutral,Positive
110,03bed82df09e8cdf787938a4d91c6950,"S A L T E D C A R A M E L ü§§
.
#foodie #mrsfoodie #mrsfoodieeats #sydneyeats #westernsydneyeats‚Ä¶ https://t.co/GYRzcCTzSL",Neutral,Neutral,Neutral
111,03bed82df09e8cdf787938a4d91c843d,"The quinoa was the star of the dish. 
#food #foods #instafoodie #melbournefood #foodie #foodies‚Ä¶ https://t.co/kRNefra0cr",Neutral,Neutral,Positive
112,03bed82df09e8cdf787938a4d91cb533,"Enjoying some #miloicecream 
~ Victorian Trip Day 6 ~ 
-
-
-
-
-
-
#icecream #food #foodie‚Ä¶ https://t.co/mJV5xKmyWw",Positive,Positive,Positive
113,03bed82df09e8cdf787938a4d91cd177,"Fish üòÆ
#fish #foodie #sydneyfoodie #foodporn #foodstagram‚Ä¶ https://t.co/CHS6uNCW19",Neutral,Neutral,Neutral
114,03bed82df09e8cdf787938a4d91d734a,highergroundmelbourne #instagram #melbourne #instalike #instafood #foodie #foodstagram #nailart‚Ä¶ https://t.co/xlk5f5257T,Neutral,Neutral,Neutral
115,03bed82df09e8cdf787938a4d91d738f,"Hot-choc-sta-gram. 
#food #foodie #foodporn #instadaily #sydneylife #sydneycafes #city #urban‚Ä¶ https://t.co/3muhLMrujO",Neutral,Neutral,Neutral
116,03bed82df09e8cdf787938a4d91dfbbf,"Very very yummy food üòã
#lebanesefood #foodie #foodporn #foodstagram‚Ä¶ https://t.co/9X7SyEJMtO",Positive,Positive,Positive
117,03bed82df09e8cdf787938a4d91e3b05,"Lotus root fo dayz üëåüèª
.
.
.
.
#instagood #food #foodie #sydney #eeeeeats #yum #asian #chips‚Ä¶ https://t.co/8IzpP7CuID",Neutral,Neutral,Neutral
118,03bed82df09e8cdf787938a4d91e69e7,"The texture is more than inviting. 
#food #foods #foodie #foodpic #foodism #foodstagram‚Ä¶ https://t.co/rpdoZxiZRy",Positive,Positive,Positive
119,03bed82df09e8cdf787938a4d91f50d6,On Wednesdays we wear pink. #meangirls #pinklemonade #foodieüòç @ Pink Flamingo https://t.co/mbokuE9Y68,Neutral,Negative,Neutral
120,03bed82df09e8cdf787938a4d91f8f4f,Hello! #food #foodie #foodpics #foodlover #instafood #instagood #instadaily #paleo #glutenfree‚Ä¶ https://t.co/9zpwz1rbRj,Neutral,Neutral,Neutral
121,03bed82df09e8cdf787938a4d91f9ffc,Date night before big weekend in Sydney with family. #datenight‚ù§Ô∏è #thai #thaifood #foodie @‚Ä¶ https://t.co/OMijieY8H1,Positive,Neutral,Positive
122,03bed82df09e8cdf787938a4d91fa747,Who want's a cupcake on their birthday! #birthdaycakes #foodie #foodstagram #buttercream‚Ä¶ https://t.co/pZOWsTNNcY,Positive,Neutral,Positive
123,03bed82df09e8cdf787938a4d91fb53a,THE Brownie @4pinesbeer #thekellerdoor #food #foodie #foodpics #foodlover #instagood #instafood‚Ä¶ https://t.co/kHcG4VNluS,Neutral,Neutral,Neutral
124,03bed82df09e8cdf787938a4d9200755,#recipes inspired by #Canadian films: https://t.co/B5RorVp40S Free #Cookbook #food #foodie https://t.co/Cg6YJmldtj,Positive,Positive,Neutral
125,03bed82df09e8cdf787938a4d9201cb1,Who's joining the Baldface x Mint team this December? Spots are limited for the ultimate‚Ä¶ https://t.co/b6FRxFlKs2,Negative,Negative,Neutral
126,03bed82df09e8cdf787938a4d92029d0,Roasting marshmallows on the fire that took us almost half an hour to build. #foodporn #foodie‚Ä¶ https://t.co/sj4xjdLmmv,Negative,Negative,Neutral
127,03bed82df09e8cdf787938a4d9203fad,An Aussie classic.  #homemade Neenish tarts to take on a picnic on ANZAC day. #food52 #foodie‚Ä¶ https://t.co/LmlnfpTw7A,Neutral,Positive,Positive
128,03bed82df09e8cdf787938a4d9205827,Tuesday's 2 for 1 menu @4pinesbeer #thekellerdoor #howgoodisthis #healthy #4pines #food #foodie‚Ä¶ https://t.co/6ESMpP7KZp,Positive,Positive,Neutral
129,03bed82df09e8cdf787938a4d920a789,"New staple üëåüèªüî•üî•
.
.
.
Yum yum #yum
#chips #foodie #foodgasm #foodporn #spicy #sydney #vscocam‚Ä¶ https://t.co/xzIRmi8qB2",Neutral,Positive,Neutral
130,03bed82df09e8cdf787938a4d92119b7,"Vietnamese-food-stagram. 
#healthy #eater #eat #cheapeats #foodie #foodiegram #foodheaven #foods‚Ä¶ https://t.co/HvCO7f0G8i",Positive,Positive,Neutral
131,03bed82df09e8cdf787938a4d921441d,"breakfast üç≥
{#tb #throwback #food #foodie #instafood #instadaily #instalike #instagood #daily‚Ä¶ https://t.co/zRkNTkAGCm",Neutral,Neutral,Neutral
132,03bed82df09e8cdf787938a4d921569a,@FeudFX inspired #RetroRecipe #BetteDavis #Spinach stuffed #Fish https://t.co/El3sjCAeVR #food #foodie #recipe https://t.co/04VMMGcnnZ,Positive,Neutral,Neutral
133,03bed82df09e8cdf787938a4d9216016,@FeudFX inspired #RetroRecipe #JoanCrawford #PorkChops w. Onion and apple https://t.co/MPraCdUrM7 #food #foodie https://t.co/Q0DY20JzDW,Positive,Neutral,Neutral
134,03bed82df09e8cdf787938a4d92164c5,Hazelnut Heaven drip cake! 18th birthday! #birthdaycakes #foodie #foodstagram #buttercream‚Ä¶ https://t.co/shyR2d0iFj,Positive,Neutral,Positive
135,03bed82df09e8cdf787938a4d9218383,Bendigo Marketplace #BgoMarketplace is #nowplaying Best Part Of Me by #BusbyMarou #cubevenue,Positive,Positive,Neutral
136,03bed82df09e8cdf787938a4d92238f4,"I'm at Spicy Fish in Melbourne, VIC https://t.co/QL4hnxfVpa",Neutral,Neutral,Neutral
137,03bed82df09e8cdf787938a4d9225a44,"Nice evening, had a meeting with some great local photographers about an upcoming event and‚Ä¶ https://t.co/PpSv3ht619",Positive,Positive,Positive
138,03bed82df09e8cdf787938a4d9226fde,"Play and play üèêüèê (@ Oakleigh Recreation Centre in Oakleigh, Victoria) https://t.co/LqbXHktcwI",Neutral,Neutral,Positive
139,03bed82df09e8cdf787938a4d92292fe,Pls hire me radio &amp; tv companies + showing off the fact that I‚Ä¶ https://t.co/1CWo8yDOVr,Neutral,Neutral,Neutral
140,03bed82df09e8cdf787938a4d922c6f7,TALENTO GREZZO series... @BernardGStudios andrewgueit @beauty_scribe @giantmanagement‚Ä¶ https://t.co/6alofZeUbX,Neutral,Neutral,Neutral
141,03bed82df09e8cdf787938a4d9232400,"Êâã„°æÊ¥óËªäËªäÔΩû @ Narre Warren, Victoria https://t.co/pgx1PYjUU0",Neutral,Neutral,Neutral
142,03bed82df09e8cdf787938a4d923cddf,I love fireworks! #superpower #light #beauty @ Sydney Harbour - Water https://t.co/eJPzPmGik1,Positive,Positive,Positive
143,03bed82df09e8cdf787938a4d923ddc3,"Busy busy busy! 
#love #sydneyrestaurants #sydneyeats #eat #food #foodie #sydney #australia‚Ä¶ https://t.co/I0kY90QU8W",Positive,Positive,Positive
144,03bed82df09e8cdf787938a4d923eb45,"#Redfern at night is an interesting experience... @ Redfern, New South Wales https://t.co/DjBDdby4Fq",Positive,Positive,Positive
145,03bed82df09e8cdf787938a4d9241233,"I'm at Tram Stop 19 in Melbourne, Victoria https://t.co/SLVZQry0uD",Negative,Neutral,Neutral
146,03bed82df09e8cdf787938a4d924ab58,#Gelatissimo #TheRocks is #nowplaying Rich Girl by #GwenStefani&amp;Eve #cubevenue,Positive,Positive,Neutral
147,03bed82df09e8cdf787938a4d92507e6,"#StructureFire: Murrumbeena Cr, Murrumbeena. Responding. 2 Appliances. Timeline: https://t.co/UW6bVgBker https://t.co/HPObOW8xeO",Neutral,Neutral,Neutral
148,03bed82df09e8cdf787938a4d9252088,"First visit to Elysian! ‚ù§Ô∏è

(Don't tell meegsysutherland) @ The Elysian Whisky Bar https://t.co/TEdLulAUr9",Neutral,Positive,Positive
149,03bed82df09e8cdf787938a4d9253e21,"Dumplings. With Meredith and johnno (@ I Love Dumplings in Flemington, VIC) https://t.co/WilpIxcU6B",Positive,Positive,Neutral
150,03bed82df09e8cdf787938a4d9257f69,"Han Nguyen, @hannguyennews is now trending in #Melbourne

https://t.co/NhdQQEaDTB https://t.co/naWpwSUrvA",Neutral,Neutral,Neutral
